John Doe,john.doe@example.com,pass123,2023-06-22 16:29:46.344+00,2023-06-22 16:29:46.344+00
Jane Smith,jane.smith@example.com,password,2023-06-22 16:29:46.344+00,2023-06-22 16:29:46.344+00
Michael Johnson,michael.johnson@example.com,securepass,2023-06-22 16:29:46.344+00,2023-06-22 16:29:46.344+00
Emily Davis,emily.davis@example.com,p@55w0rd,2023-06-22 16:29:46.344+00,2023-06-22 16:29:46.344+00
Robert Wilson,robert.wilson@example.com,secret123,2023-06-22 16:29:46.344+00,2023-06-22 16:29:46.344+00
Sarah Thompson,sarah.thompson@example.com,myP@ssw0rd,2023-06-22 16:29:46.344+00,2023-06-22 16:29:46.344+00
David Anderson,david.anderson@example.com,pass1234,2023-06-22 16:29:46.344+00,2023-06-22 16:29:46.344+00
Jennifer Lee,jennifer.lee@example.com,password123,2023-06-22 16:29:46.344+00,2023-06-22 16:29:46.344+00
Daniel Martin,daniel.martin@example.com,passw0rd!,2023-06-22 16:29:46.344+00,2023-06-22 16:29:46.344+00
Jessica Brown,jessica.brown@example.com,p@55w0rd!,2023-06-22 16:29:46.344+00,2023-06-22 16:29:46.344+00
Christopher Taylor,christopher.taylor@example.com,securepass!,2023-06-22 16:29:46.344+00,2023-06-22 16:29:46.344+00
Sophia Martinez,sophia.martinez@example.com,myP@ssw0rd!,2023-06-22 16:29:46.344+00,2023-06-22 16:29:46.344+00
Andrew Thomas,andrew.thomas@example.com,pass12345,2023-06-22 16:29:46.344+00,2023-06-22 16:29:46.344+00
Olivia Anderson,olivia.anderson@example.com,password1234,2023-06-22 16:29:46.344+00,2023-06-22 16:29:46.344+00
Matthew Harris,matthew.harris@example.com,passw0rd!!,2023-06-22 16:29:46.344+00,2023-06-22 16:29:46.344+00
Isabella Davis,isabella.davis@example.com,p@55w0rd!!,2023-06-22 16:29:46.344+00,2023-06-22 16:29:46.344+00
William Johnson,william.johnson@example.com,securepass!!,2023-06-22 16:29:46.344+00,2023-06-22 16:29:46.344+00
Ava Thompson,ava.thompson@example.com,myP@ssw0rd!!,2023-06-22 16:29:46.344+00,2023-06-22 16:29:46.344+00
James Smith,james.smith@example.com,pass123456,2023-06-22 16:29:46.344+00,2023-06-22 16:29:46.344+00
Emma Wilson,emma.wilson@example.com,password12345,2023-06-22 16:29:46.344+00,2023-06-22 16:29:46.344+00
Benjamin Martin,benjamin.martin@example.com,passw0rd!!!,2023-06-22 16:29:46.344+00,2023-06-22 16:29:46.344+00
Mia Taylor,mia.taylor@example.com,p@55w0rd!!!,2023-06-22 16:29:46.344+00,2023-06-22 16:29:46.344+00
Henry Anderson,henry.anderson@example.com,securepass!!!,2023-06-22 16:29:46.344+00,2023-06-22 16:29:46.344+00
Charlotte Lee,charlotte.lee@example.com,myP@ssw0rd!!!,2023-06-22 16:29:46.344+00,2023-06-22 16:29:46.344+00
Joseph Brown,joseph.brown@example.com,pass1234567,2023-06-22 16:29:46.344+00,2023-06-22 16:29:46.344+00
Amelia Thompson,amelia.thompson@example.com,password123456,2023-06-22 16:29:46.344+00,2023-06-22 16:29:46.344+00
Samuel Davis,samuel.davis@example.com,passw0rd!!!!,2023-06-22 16:29:46.344+00,2023-06-22 16:29:46.344+00
Olivia Johnson,olivia.johnson@example.com,p@55w0rd!!!!,2023-06-22 16:29:46.344+00,2023-06-22 16:29:46.344+00
Ethan Wilson,ethan.wilson@example.com,securepass!!!!,2023-06-22 16:29:46.344+00,2023-06-22 16:29:46.344+00
Sofia Martinez,sofia.martinez@example.com,myP@ssw0rd!!!!,2023-06-22 16:29:46.344+00,2023-06-22 16:29:46.344+00
David Smith,david.smith@example.com,pass12345678,2023-06-22 16:29:46.344+00,2023-06-22 16:29:46.344+00
Ava Anderson,ava.anderson@example.com,password1234567,2023-06-22 16:29:46.344+00,2023-06-22 16:29:46.344+00
Joseph Harris,joseph.harris@example.com,passw0rd!!!!!,2023-06-22 16:29:46.344+00,2023-06-22 16:29:46.344+00
Emily Davis,emily.davis@example.com,p@55w0rd!!!!!,2023-06-22 16:29:46.344+00,2023-06-22 16:29:46.344+00
Daniel Johnson,daniel.johnson@example.com,secure,2023-06-22 16:29:46.344+00,2023-06-22 16:29:46.344+00
Sophia Thompson,sophia.thompson@example.com,myP@ssw0rd!!!!!,2023-06-22 16:29:46.344+00,2023-06-22 16:29:46.344+00
Matthew Smith,matthew.smith@example.com,pass123456789,2023-06-22 16:29:46.344+00,2023-06-22 16:29:46.344+00
Isabella Wilson,isabella.wilson@example.com,password12345678,2023-06-22 16:29:46.344+00,2023-06-22 16:29:46.344+00
James Martin,james.martin@example.com,passw0rd!!!!!!,2023-06-22 16:29:46.344+00,2023-06-22 16:29:46.344+00
Olivia Taylor,olivia.taylor@example.com,p@55w0rd!!!!!!,2023-06-22 16:29:46.344+00,2023-06-22 16:29:46.344+00
William Anderson,william.anderson@example.com,securepass!!!!!!,2023-06-22 16:29:46.344+00,2023-06-22 16:29:46.344+00
Ava Lee,ava.lee@example.com,myP@ssw0rd!!!!!!,2023-06-22 16:29:46.344+00,2023-06-22 16:29:46.344+00
Benjamin Brown,benjamin.brown@example.com,pass1234567890,2023-06-22 16:29:46.344+00,2023-06-22 16:29:46.344+00
Mia Thompson,mia.thompson@example.com,password123456789,2023-06-22 16:29:46.344+00,2023-06-22 16:29:46.344+00
Henry Davis,henry.davis@example.com,passw0rd!!!!!!!,2023-06-22 16:29:46.344+00,2023-06-22 16:29:46.344+00
Charlotte Johnson,charlotte.johnson@example.com,p@55w0rd!!!!!!!,2023-06-22 16:29:46.344+00,2023-06-22 16:29:46.344+00
Joseph Wilson,joseph.wilson@example.com,securepass!!!!!!!,2023-06-22 16:29:46.344+00,2023-06-22 16:29:46.344+00
Amelia Martinez,amelia.martinez@example.com,myP@ssw0rd!!!!!!!,2023-06-22 16:29:46.344+00,2023-06-22 16:29:46.344+00
Samuel Smith,samuel.smith@example.com,pass12345678901,2023-06-22 16:29:46.344+00,2023-06-22 16:29:46.344+00
Olivia Anderson,olivia.anderson@example.com,password123456789,2023-06-22 16:29:46.344+00,2023-06-22 16:29:46.344+00
